[Header],,,,,,,,,
IEMFileVersion,4,,,,,,,,
Date,3/15/2017,,,,,,,,
Workflow,GenerateFASTQ,,,,,,,,
Application,NextSeq FASTQ Only,,,,,,,,
Assay,TruSeq HT,,,,,,,,
Description,,,,,,,,,
Chemistry,Amplicon,,,,,,,,
EMAIL,arch.sparky@gmail.com,,,,,,,,
,,,,,,,,,
[Reads],,,,,,,,,
76,,,,,,,,,
76,,,,,,,,,
,,,,,,,,,
[Settings],,,,,,,,,
Adapter,AGATCGGAAGAGCACACGTCTGAACTCCAGTCA,,,,,,,,
AdapterRead2,AGATCGGAAGAGCGTCGTGTAGGGAAAGAGTGT,,,,,,,,
,,,,,,,,,
[Data],,,,,,,,,
Sample_ID,Sample_Name,Sample_Plate,Sample_Well,I7_Index_ID,index,I5_Index_ID,index2,Sample_Project,Description
PF046-53,,,,D702,TCCGGAGA,D505,CTTCGCCT,,
PF046-79,,,,D712,AGCGATAG,D506,TAAGATTA,,
PF046-87,,,,D708,TAATGCGC,D507,ACGTCCTG,,
PF046-16,,,,D704,GAGATTCC,D502,GCCTCTAT,,
